-- ===========================================================
-- SQL ANSI Simulation Script
-- Proyecto: Sistema de Gestión Académica
-- Objetivo: Script de prueba para validadores SQL
-- Motor: SQL ANSI
-- ===========================================================

DROP TABLE IF EXISTS ENROLLMENTS;
DROP TABLE IF EXISTS COURSES;
DROP TABLE IF EXISTS STUDENTS;
DROP TABLE IF EXISTS PROFESSORS;
DROP TABLE IF EXISTS DEPARTMENTS;

CREATE TABLE DEPARTMENTS (
    DEPARTMENT_ID INTEGER PRIMARY KEY,
    NAME VARCHAR(100) NOT NULL,
    BUILDING VARCHAR(100),
    CREATED_AT DATE
);

CREATE TABLE PROFESSORS (
    PROFESSOR_ID INTEGER PRIMARY KEY,
    FIRST_NAME VARCHAR(50),
    LAST_NAME VARCHAR(50),
    EMAIL VARCHAR(120),
    HIRE_DATE DATE,
    SALARY DECIMAL(10,2),
    DEPARTMENT_ID INTEGER,
    FOREIGN KEY (DEPARTMENT_ID)
        REFERENCES DEPARTMENTS(DEPARTMENT_ID)
);

CREATE TABLE STUDENTS (
    STUDENT_ID INTEGER PRIMARY KEY,
    FIRST_NAME VARCHAR(50),
    LAST_NAME VARCHAR(50),
    EMAIL VARCHAR(120),
    BIRTH_DATE DATE,
    STATUS VARCHAR(20),
    CREATED_AT DATE
);

CREATE TABLE COURSES (
    COURSE_ID INTEGER PRIMARY KEY,
    NAME VARCHAR(120),
    CREDITS INTEGER,
    PROFESSOR_ID INTEGER,
    FOREIGN KEY (PROFESSOR_ID)
        REFERENCES PROFESSORS(PROFESSOR_ID)
);

CREATE TABLE ENROLLMENTS (
    ENROLLMENT_ID INTEGER PRIMARY KEY,
    STUDENT_ID INTEGER,
    COURSE_ID INTEGER,
    ENROLL_DATE DATE,
    GRADE DECIMAL(5,2),
    FOREIGN KEY (STUDENT_ID)
        REFERENCES STUDENTS(STUDENT_ID),
    FOREIGN KEY (COURSE_ID)
        REFERENCES COURSES(COURSE_ID)
);

INSERT INTO DEPARTMENTS VALUES
(1,'Computer Science','Building A','2024-01-01');

INSERT INTO DEPARTMENTS VALUES
(2,'Industrial Engineering','Building B','2024-01-01');

INSERT INTO DEPARTMENTS VALUES
(3,'Environmental Engineering','Building C','2024-01-01');

INSERT INTO PROFESSORS VALUES
(100,'Alan','Turing','aturing@example.com','2020-01-10',4500.00,1);

INSERT INTO PROFESSORS VALUES
(101,'Grace','Hopper','ghopper@example.com','2019-05-20',4700.00,1);

INSERT INTO PROFESSORS VALUES
(102,'Ada','Lovelace','alovelace@example.com','2021-08-15',4300.00,2);

INSERT INTO STUDENTS VALUES
(1,'Juan','Perez','juan@example.com','2001-04-12','ACTIVE','2025-01-01');

INSERT INTO STUDENTS VALUES
(2,'Maria','Lopez','maria@example.com','2000-09-20','ACTIVE','2025-01-01');

INSERT INTO STUDENTS VALUES
(3,'Luis','Garcia','luis@example.com','1999-11-05','ACTIVE','2025-01-01');

INSERT INTO STUDENTS VALUES
(4,'Ana','Torres','ana@example.com','2002-06-13','INACTIVE','2025-01-01');

INSERT INTO COURSES VALUES
(10,'Database Systems',4,100);

INSERT INTO COURSES VALUES
(11,'Operating Systems',4,101);

INSERT INTO COURSES VALUES
(12,'Artificial Intelligence',5,100);

INSERT INTO COURSES VALUES
(13,'Statistics',3,102);

INSERT INTO ENROLLMENTS VALUES
(1,1,10,'2025-03-01',18.50);

INSERT INTO ENROLLMENTS VALUES
(2,1,11,'2025-03-01',17.00);

INSERT INTO ENROLLMENTS VALUES
(3,2,10,'2025-03-01',19.00);

INSERT INTO ENROLLMENTS VALUES
(4,2,13,'2025-03-01',15.50);

INSERT INTO ENROLLMENTS VALUES
(5,3,12,'2025-03-01',16.00);

INSERT INTO ENROLLMENTS VALUES
(6,4,13,'2025-03-01',12.00);

SELECT *
FROM STUDENTS;

SELECT
    FIRST_NAME,
    LAST_NAME,
    EMAIL
FROM STUDENTS
ORDER BY LAST_NAME;

SELECT
    NAME,
    CREDITS
FROM COURSES
WHERE CREDITS >= 4;

SELECT
    S.FIRST_NAME,
    S.LAST_NAME,
    C.NAME
FROM STUDENTS S
INNER JOIN ENROLLMENTS E
    ON S.STUDENT_ID = E.STUDENT_ID
INNER JOIN COURSES C
    ON C.COURSE_ID = E.COURSE_ID;

SELECT
    P.FIRST_NAME,
    P.LAST_NAME,
    D.NAME
FROM PROFESSORS P
INNER JOIN DEPARTMENTS D
ON P.DEPARTMENT_ID = D.DEPARTMENT_ID;

SELECT
    C.NAME,
    COUNT(E.ENROLLMENT_ID) AS TOTAL_STUDENTS
FROM COURSES C
LEFT JOIN ENROLLMENTS E
ON C.COURSE_ID = E.COURSE_ID
GROUP BY C.NAME
ORDER BY TOTAL_STUDENTS DESC;

SELECT
    AVG(GRADE) AS AVERAGE_GRADE
FROM ENROLLMENTS;

SELECT
    MAX(GRADE),
    MIN(GRADE)
FROM ENROLLMENTS;

SELECT
    STATUS,
    COUNT(*)
FROM STUDENTS
GROUP BY STATUS;

UPDATE STUDENTS
SET STATUS='ACTIVE'
WHERE STUDENT_ID=4;

UPDATE PROFESSORS
SET SALARY = SALARY + 500
WHERE DEPARTMENT_ID=1;

DELETE FROM ENROLLMENTS
WHERE GRADE < 13;

SELECT
    STUDENT_ID,
    FIRST_NAME,
    LAST_NAME,
    CASE
        WHEN STATUS='ACTIVE'
            THEN 'ENROLLED'
        ELSE 'NOT ENROLLED'
    END AS CURRENT_STATUS
FROM STUDENTS;

SELECT
    P.FIRST_NAME,
    P.LAST_NAME,
    COUNT(C.COURSE_ID) AS COURSES_ASSIGNED
FROM PROFESSORS P
LEFT JOIN COURSES C
ON P.PROFESSOR_ID=C.PROFESSOR_ID
GROUP BY
    P.PROFESSOR_ID,
    P.FIRST_NAME,
    P.LAST_NAME;

SELECT
    D.NAME,
    AVG(P.SALARY)
FROM DEPARTMENTS D
INNER JOIN PROFESSORS P
ON D.DEPARTMENT_ID=P.DEPARTMENT_ID
GROUP BY D.NAME;

SELECT
    S.FIRST_NAME,
    S.LAST_NAME,
    SUM(C.CREDITS) AS TOTAL_CREDITS
FROM STUDENTS S
INNER JOIN ENROLLMENTS E
ON S.STUDENT_ID=E.STUDENT_ID
INNER JOIN COURSES C
ON C.COURSE_ID=E.COURSE_ID
GROUP BY
    S.STUDENT_ID,
    S.FIRST_NAME,
    S.LAST_NAME;

SELECT
    FIRST_NAME,
    LAST_NAME
FROM STUDENTS
WHERE STUDENT_ID IN
(
    SELECT STUDENT_ID
    FROM ENROLLMENTS
    WHERE GRADE >= 18
);

SELECT
    NAME
FROM COURSES
WHERE COURSE_ID NOT IN
(
    SELECT COURSE_ID
    FROM ENROLLMENTS
);

COMMIT;